age,sex,bmi,bp,s1,s2,s3,s4,s5,s6,prediction
0.0381,0.0507,0.0617,0.0219,-0.0442,-0.0348,-0.0434,-0.0026,0.0199,-0.0176,209.8945608434573
-0.0019,-0.0446,-0.0514,-0.0263,0.0621,0.0678,0.0508,-0.0395,-0.0683,-0.0922,48.415284640221756
